{
  "space": "logits",
  "C": 8,
  "D": 8,
  "mu": [
    [
      1.8384368192155838,
      0.0460449484397717,
      -0.021712902443750688,
      0.15012126499180856,
      -0.10466369138662807,
      -0.2042691756888286,
      -0.27616771688964614,
      0.31910490712711004
    ],
    [
      -0.014207298956640494,
      2.2577493809713505,
      -0.21756080374471531,
      0.025196821965276416,
      -0.07808030732866765,
      0.016057243101934158,
      -0.091108681768576,
      -0.0016507362465197554
    ],
    [
      0.057116540626882664,
      -0.09666462412856577,
      1.9334328852733842,
      -0.05737646851669524,
      -0.15579125472834937,
      0.07940276389037597,
      -0.047367311997188105,
      -0.13930201530514763
    ],
    [
      -0.16416074907238692,
      -0.11587707041554976,
      -0.06849209832724426,
      2.2577095166171244,
      -4.680171694588103e-05,
      0.16445577360432853,
      -0.023051555699348428,
      -0.16357353192062707
    ],
    [
      0.11726423968894324,
      0.031937948489034196,
      -0.19615483679472745,
      -0.2545619008040903,
      2.2189071709060086,
      -0.19930695459710177,
      0.1943628522894083,
      0.08843322528487486
    ],
    [
      0.26009817639658056,
      0.308810344228849,
      -0.2041289413883672,
      -0.19829611415840034,
      -0.13040040178039036,
      1.9803913434530769,
      -0.016172977062768608,
      0.2532738051549653
    ],
    [
      0.07051937476612212,
      0.13009056515050008,
      0.12056142313883979,
      0.11182964793314994,
      0.09319186631483628,
      -0.046237452398053484,
      1.8435142477397755,
      -0.0969058845701742
    ],
    [
      0.10360215824711187,
      -0.12881460418644075,
      -0.04688279859873417,
      -0.1949740944752131,
      0.03862782446418331,
      -0.1966344439867164,
      0.012387644060720215,
      1.9529408066284446
    ]
  ],
  "inv_cov": [
    [
      4.275801444322124,
      -0.19408471442997757,
      -0.16890646662983447,
      0.07248949221785302,
      -0.026978739712501396,
      -0.18379839748569862,
      -0.6968423144491687,
      -0.35934980112762277
    ],
    [
      -0.19408471442997316,
      4.029988959234227,
      -0.13614754292507253,
      0.905588582930192,
      -0.6720943756358632,
      0.08315456482901262,
      0.1608039942610949,
      -0.16597471634383545
    ],
    [
      -0.16890646662983883,
      -0.13614754292507236,
      4.201422518110871,
      0.7296059389617,
      -1.1221834918927478,
      0.4467277846085328,
      -0.012883717328127988,
      -0.07926695786700642
    ],
    [
      0.07248949221784853,
      0.9055885829301917,
      0.7296059389617018,
      4.954278232487151,
      -0.254301218651236,
      0.37416602852547926,
      -0.3006008508570595,
      -0.3172682677353461
    ],
    [
      -0.0269787397125033,
      -0.6720943756358656,
      -1.1221834918927456,
      -0.2543012186512352,
      5.0877741095032425,
      -0.14176154759478748,
      0.2639884719793187,
      0.031160881455226046
    ],
    [
      -0.18379839748569032,
      0.08315456482900896,
      0.4467277846085381,
      0.37416602852548175,
      -0.14176154759478884,
      4.109774605765927,
      0.05054645677825365,
      -0.16515826148148016
    ],
    [
      -0.6968423144491687,
      0.16080399426109226,
      -0.012883717328126319,
      -0.3006008508570584,
      0.2639884719793185,
      0.050546456778246686,
      4.806289582012745,
      -0.4333499218241216
    ],
    [
      -0.359349801127624,
      -0.16597471634383612,
      -0.07926695786700211,
      -0.3172682677353439,
      0.031160881455225845,
      -0.16515826148148513,
      -0.43334992182411863,
      4.778683216918564
    ]
  ],
  "evt": [
    {
      "shape": 3.9245980957954956,
      "scale": 3.4540489415046216,
      "loc": 0.0,
      "n": 20
    },
    {
      "shape": 3.854441974837992,
      "scale": 2.667059579602245,
      "loc": 0.0,
      "n": 20
    },
    {
      "shape": 6.414341072187137,
      "scale": 2.7439837268040845,
      "loc": 0.0,
      "n": 20
    },
    {
      "shape": 4.0694237875947685,
      "scale": 2.9946342548472797,
      "loc": 0.0,
      "n": 20
    },
    {
      "shape": 5.006184571430583,
      "scale": 3.176272369966285,
      "loc": 0.0,
      "n": 20
    },
    {
      "shape": 3.5963432166923854,
      "scale": 3.312655691379164,
      "loc": 0.0,
      "n": 20
    },
    {
      "shape": 4.635783360407237,
      "scale": 3.048891968379842,
      "loc": 0.0,
      "n": 20
    },
    {
      "shape": 5.999152221546661,
      "scale": 3.1968516163698224,
      "loc": 0.0,
      "n": 20
    }
  ],
  "meta": {
    "shrink": 0.05,
    "tail_frac": 0.1,
    "n_samples": 100,
    "classes": [
      0,
      1,
      2,
      3,
      4,
      5,
      6,
      7
    ]
  }
}