{
  "energy": [
    2.7279986973188555,
    2.519057941265268,
    2.8364690685555627,
    2.496261887684057,
    3.0010823921770347,
    2.30446003207099,
    2.3198270216308683,
    2.665453539811343,
    2.4708679915085554,
    2.306484054997664,
    3.6273617069247766,
    2.44741888747804,
    2.7147496444526524,
    2.3714471805049677,
    2.404239843466344,
    3.400822085076931,
    2.864760655220973,
    2.279019436663736,
    2.4227096592128334,
    2.804674460468715,
    3.0454051231657226,
    2.7177103760078354,
    2.8257985350269195,
    2.6570866164468354,
    2.485283380163265,
    2.7069246449785624,
    2.9927928472356493,
    2.356369838081568,
    3.003027873775727,
    2.797582693376493,
    3.184439471876034,
    2.159796646116089,
    2.9509718261762243,
    2.3536464965845787,
    2.8460585886869207,
    2.172352172633717,
    2.393431327484607,
    2.427201066162292,
    2.0510279767835913,
    2.608631256918001,
    2.327929400114765,
    2.2835482766581006,
    2.00876643193504,
    2.9414424152573075,
    2.622752284146254,
    2.7929781920255876,
    2.433003881713574,
    3.377900558757789,
    2.686304506485477,
    2.6079872117235374,
    1.9604483117089224,
    2.4008302268132202,
    2.082125349243239,
    2.145764552307976,
    2.280705268017632,
    2.3180727503314036,
    2.4538852763755283,
    2.702133036009495,
    2.820404072345204,
    2.4254227527638736,
    3.006018441248664,
    2.9180238982957145,
    3.0994479571839193,
    3.4041081522441368,
    1.7534939725193273,
    2.784668618845467,
    2.709172426894994,
    2.5034730207097398,
    2.7646290516378795,
    2.8672304036498577,
    2.504344534362924,
    2.742487019518532,
    2.675929693948713,
    2.6935074474706795,
    2.530132378306852,
    2.6019391442192727,
    2.855558584289613,
    3.041537004004221,
    2.4004741397902585,
    2.942327075314539
  ],
  "energy_minus_disagreement": [
    2.721715166921468,
    2.504707761449462,
    2.8251294285982196,
    2.483552862697824,
    2.997724532281114,
    2.295727453406222,
    2.308318502403105,
    2.660711217435655,
    2.4510659154230177,
    2.2902207583328096,
    3.6199838678784944,
    2.4378372545472837,
    2.7013147083337308,
    2.3621479346521794,
    2.3946907207567723,
    3.387452857002951,
    2.8539861036239924,
    2.2585418743466743,
    2.4116750750182687,
    2.784815036141551,
    3.0428223822585814,
    2.7038268160432932,
    2.8210677028709354,
    2.6429624374269403,
    2.4716109323125885,
    2.6908182612187503,
    2.9803687765104927,
    2.340245830231001,
    2.9799354224472956,
    2.7847625303098673,
    3.179838551087321,
    2.1352662427413867,
    2.9474630828910837,
    2.3225778281132716,
    2.8276866752292933,
    2.165406389739158,
    2.3827930184198993,
    2.41802298507964,
    2.0363878356989793,
    2.601675497179035,
    2.32219274541434,
    2.274254794560103,
    1.9945721158830165,
    2.93757379065957,
    2.6197093714765285,
    2.790297598263002,
    2.4205886855057606,
    3.3744846310062777,
    2.6715674554540247,
    2.5847562419546364,
    1.9492445587406915,
    2.397145569141782,
    2.071333754763629,
    2.1382169789190995,
    2.2743197426479886,
    2.299133872158883,
    2.449252015147183,
    2.69406372860935,
    2.8073435240402302,
    2.409840928152527,
    2.9979183894108554,
    2.912679366931932,
    3.0921794883023757,
    3.4020403371811394,
    1.7350938593601106,
    2.7778361635353463,
    2.7043194606280956,
    2.4938978284499624,
    2.755102383861909,
    2.857032733816399,
    2.489652377064066,
    2.7289569109380416,
    2.669889389727862,
    2.684608147129703,
    2.52150094961081,
    2.588141097124156,
    2.850642702438718,
    3.031928921629396,
    2.390713861981109,
    2.9395901789432224
  ],
  "odin": [
    0.12521723921910768,
    0.12518478987354067,
    0.12516347018604057,
    0.12520812453691385,
    0.12532193112768006,
    0.12509332687891137,
    0.12509191539637585,
    0.12520553907842374,
    0.1251728027923479,
    0.1251302067246968,
    0.12537801496215642,
    0.1251988721219999,
    0.1251434610395373,
    0.12511201595027388,
    0.1252147711949064,
    0.12528871791754564,
    0.1251960309326757,
    0.12519418161249612,
    0.12514319122822637,
    0.12524985864281554,
    0.1252367377050833,
    0.1251850450819195,
    0.12516700085999294,
    0.1251842569468873,
    0.1251270840282554,
    0.1252167412612942,
    0.12527283091637173,
    0.12512636714922046,
    0.12524360363030576,
    0.12522674508178785,
    0.1253332137628855,
    0.12515607707871512,
    0.12525536292461187,
    0.12514453368006617,
    0.1252034181114751,
    0.12508664254696203,
    0.12515158990580236,
    0.12514116116839633,
    0.12511979054215114,
    0.12512597542990642,
    0.1251702302945732,
    0.1251926541982822,
    0.12517450542287115,
    0.1252502316911708,
    0.12523663117271475,
    0.12522758840005552,
    0.1251253043330633,
    0.12531785699722447,
    0.1250939169563037,
    0.12511675743067657,
    0.12513835001433557,
    0.12518552915175024,
    0.12507984689724966,
    0.12521415712957307,
    0.12509902888640861,
    0.12509777032802785,
    0.12510604974179496,
    0.12511162313747112,
    0.12525150622923506,
    0.12515573558315374,
    0.12526168767947476,
    0.1252219564979105,
    0.12524023830754363,
    0.12537756116047577,
    0.12510728340362523,
    0.12517241983147764,
    0.12525085792791618,
    0.12512193463090718,
    0.12521925074860654,
    0.12515468381222492,
    0.12521947000274375,
    0.12521691836864146,
    0.12522892832840637,
    0.12521852999165256,
    0.1251579249300207,
    0.12526237849728478,
    0.125236543646444,
    0.12526752394480728,
    0.12518573677004888,
    0.12530228275210475
  ],
  "max_prob": [
    0.48171564339573714,
    0.3395025328249619,
    0.352036923338488,
    0.4529829046145598,
    0.7153064005681942,
    0.2255256363062356,
    0.2401522932740125,
    0.4808453389368394,
    0.36422732881670244,
    0.2595646087960087,
    0.8063830417812854,
    0.4400184822547113,
    0.27668585525845246,
    0.27202211205779947,
    0.4868957423012342,
    0.5864865527093613,
    0.35656752655394197,
    0.4340654757339986,
    0.30611383904398465,
    0.5626050202680591,
    0.49860290548396685,
    0.3698169077920162,
    0.3372724156808014,
    0.41914592037004467,
    0.29882833157328864,
    0.4830809753843146,
    0.6129358550206484,
    0.26941237652610817,
    0.5392136143387877,
    0.5126316152198805,
    0.7251866571992927,
    0.3375463174758487,
    0.5667424344699079,
    0.31287016931103745,
    0.409392383202507,
    0.21567730019720527,
    0.3425229898391504,
    0.3080679441171255,
    0.26688652290994364,
    0.27937636315983044,
    0.3817004517467923,
    0.4288812276060943,
    0.36276823153297033,
    0.5387846512861113,
    0.5311017481305851,
    0.501989278882983,
    0.2839921505609698,
    0.7002011291632304,
    0.22174779199188213,
    0.2506445296316208,
    0.28965481617884753,
    0.41373881218766895,
    0.22091310669844946,
    0.4459849861858353,
    0.25033505330727546,
    0.24202978374864062,
    0.24961286477628625,
    0.24273111107001707,
    0.5372292108019416,
    0.3128997462066984,
    0.5890055488189531,
    0.48736504124166763,
    0.5307412386492882,
    0.811618343317026,
    0.24472704264870787,
    0.3408887044842883,
    0.5517837814863806,
    0.2816593409748631,
    0.4849862957034,
    0.33100583878654005,
    0.5098255368416761,
    0.496829522150479,
    0.5293119476814613,
    0.42899382480674964,
    0.34382767490413,
    0.5470611138807262,
    0.5462295000958375,
    0.5936258180513826,
    0.41640004408923115,
    0.6611206470056997
  ],